Name,RA,Dec,E-B,g-r_solar,Cluster Rad (arcmin)
NGC 2420,114.5958,21.573,0.04,0.42,5
NGC 2506,120.00417,-10.77,0.058,0.43,4
NGC 6811,294.32083,46.3883,0.05,0.43,6
